{"cameraMode":{"drawMode":0,"name":"Shaded","section":"Shading Mode"},"sceneLighting":false,"audioPlay":false,"sceneViewState":{"m_AlwaysRefresh":false,"showFog":true,"showSkybox":false,"showFlares":true,"showImageEffects":true,"showParticleSystems":true,"showVisualEffectGraphs":true,"m_FxEnabled":true},"in2DMode":false,"pivot":{"x":-0.9199774265289307,"y":2.7037572860717775,"z":-4.817770004272461},"rotation":{"x":-0.6516610383987427,"y":-0.006373947020620108,"z":0.005474844016134739,"w":-0.7584512829780579},"size":0.5614435076713562,"orthographic":false}