{"cameraMode":{"drawMode":0,"name":"Shaded","section":"Shading Mode"},"sceneLighting":true,"audioPlay":false,"sceneViewState":{"m_AlwaysRefresh":false,"showFog":true,"showSkybox":true,"showFlares":true,"showImageEffects":true,"showParticleSystems":true,"showVisualEffectGraphs":true,"m_FxEnabled":true},"in2DMode":false,"pivot":{"x":-1.1411017179489136,"y":0.25246715545654299,"z":-4.690301895141602},"rotation":{"x":0.18450148403644563,"y":-0.28154730796813967,"z":0.05526750534772873,"w":0.9400390386581421},"size":1.687004804611206,"orthographic":true}